title_lemmatized,body_lemmatized,tags_transformed,creationdate
['build error kspdebugkotlin task current target 17'],"['execution failed task appkspdebugkotlin', 'unable build ksp compiledebugjavawithjavac task current target 18 kspdebugkotlin task current target 17 jvm target compatibility set java version', 'compileoptions sourcecompatibility javaversionversion18 targetcompatibility javaversionversion18 kotlinoptions jvmtarget 18']","android,kotlin,gradle,build,kapt",2023-03-06
['doesnt edge support avif images'],"['avif efficent image format ive seen', 'im amazed image quality provides astonishingly small file sizes', 'havent try converting raw image two squooshapp', 'really saves bandwidth speeds image intensive websites', 'significant', 'id love convert raw images avif', 'chrome firefox supported avif images time understanding edge based chromium caused assume would support avif images', 'however tested avif dependent application edge version 1100158746 windows 10 none avif images displayed', 'arent avif images supported edge given edge based browser indeed support avif images', 'update 20231012 im admittedly angry microsoft edge point', 'thats nicest way put', 'chromium spoonfeeds avif support edge automatically', 'release microsoft goes way deliberately remove avif support', 'sometimes remove late slips edge betas documented charles ropers answer', 'avif open royaltyfree image file format', 'open source projects apprehension including support ie', 'firefox chromium', 'youll find avif supported modern web browsers', 'legitimate excuse exclusion edge', 'certainly doesnt serve users web developers best interests', 'official explanation speculate real reason avifs exclusion', 'theres obviously enough people complaining', 'issue known ignored remains open indefinitely', 'youd like express frustration ive done multiple times open microsoft edge press shiftalti go menu help feedback send feedback', 'admittedly ive completely ignored method maybe im enough demand even seen', 'stackoverflow thank giving us uncensored way amplify persistently ignored requests', 'hopefully someone pull read help us put matter rest', 'nothing ive tried far worked', 'update 20240114 charles ropers answer says alex russell reported avif support enabled dev 121 take long roll release trains', 'edge 121 scheduled release week january 25 2024 means could arrive day january 22nd 28th']","html,browser,microsoft-edge,w3c,avif",2023-02-15
['list comprehensions create function internally'],"['disassembly list comprehension python310 python 31012 main jun 11 2023 052628 gcc 1140 linux type help copyright credits license information', 'import dis disdistrue 1 0 loadconst 0 code object listcomp 0x7fea68e0dc60 file dis line 1 2 loadconst 1 listcomp 4 makefunction 0 6 loadconst 2 8 getiter 10 callfunction 1 12 returnvalue disassembly code object listcomp 0x7fea68e0dc60 file dis line 1 1 0 buildlist 0 2 loadfast 0 0 4 foriter 4 14 6 storefast 1 8 loadconst 0 true 10 listappend 2 12 jumpabsolute 2 4 14 returnvalue understand creates code object called listcomp actual iteration return result list immediately call', 'cant figure need create separate function execute job', 'kind optimization trick']","python,python-3.x,list-comprehension,cpython,python-internals",2023-11-16
['linux memcpy restrict keyword syntax'],"['know restrict qualifier c specifies memory region pointed two pointers overlap', 'understanding linux sus prototype memcpy looks like void memcpyvoid restrict dest const void restrict src sizet count however looked man7orgmemcpy seems declarations void memcpyvoid destrestrict n const void srcrestrict n sizet n questions syntax get introduced', 'c99 later gnu extension', '', 'n signify', 'familiar variable length array declaration', '', 'variable appearing array specification', 'part standard']","c,linux,glibc,variable-length-array,restrict-qualifier",2023-09-04
['import langchain error typeerror issubclass arg 1 must class'],"['want use langchain project', 'installed using following command pip install langchain importing langchain facing following error file usrlibpython38typingpy774 genericaliassubclasscheckself cls 772 selfspecial 773 isinstancecls genericalias 774 return issubclasscls selforigin 775 clsspecial 776 return issubclassclsorigin selforigin typeerror issubclass arg 1 must class one solve error']","python,nlp,data-science,chatbot,langchain",2023-05-23
['gcc removes bounds check right operand left operand'],"['following cc code snippet define arraylength 666 int gsum 0 extern int gptrarray arraylength void test unsigned int idx 0 either enable disable check idx arraylength loop gptrarray idx nullptr idx arraylength gsum gptrarray idx idx return compile code using gcc compiler version 1220 option os cases loop condition gptrarray idx nullptr loop condition gptrarray idx nullptr idx arraylength get following assembly test ldr r2 l4 ldr r1 l44 l2 ldr r3 r2 4 cbnz r3 l3 bx lr l3 ldr r3 r3 ldr r0 r1 add r3 r3 r0 str r3 r1 b l2 l4 word gptrarray word lanchor0 gsum space 4 see assembly', 'checking variable idx value arraylength', 'question possible', 'compiler generate exactly assembly cases ignore idx arraylength condition present code', 'explain rule procedure compiler comes conclusion completely remove condition', 'output assembly shown compiler explorer see assemblies identical condition gptrarray idx nullptr condition gptrarray idx nullptr idx arraylength note swap order conditions idx arraylength gptrarray idx nullptr output assembly contains check value idx see']","c++,arrays,c,gcc,compiler-optimization",2023-10-27
['presence operator operator breaks concepts'],"['upgrading latest visual studio 2022 version 176 one custom views stopped recognized stdrangesrange', 'turned problem presence operator operator views iterator', 'please find minimal simplified example without views iterators already struct friend bool operator const const default struct b friend bool operator const b const b default friend bool operator const b const return false visual studio 2022 version 176 like next line friend bool operator const b const return true template class class u concept comparable requiresconst stdremovereferencett const stdremovereferencetu u u stdsameasbool u stdsameasbool u stdsameasbool u stdsameasbool ok gcc clang visual studio version 176 staticassert comparablea b example accepted gcc clang latest visual studio prints error source25 error c2607 static assertion failed source25 note concept comparableab evaluated false source18 note bool operator const b const rewritten candidate function excluded overload resolution corresponding operator declared scope source4 note could bool operator const const found using argumentdependent lookup source8 note bool operator const b const b found using argumentdependent lookup source9 note bool operator const b const found using argumentdependent lookup source4 note bool operator const const synthesized expression x source8 note bool operator const b const b synthesized expression x source9 note bool operator const b const synthesized expression x source18 note bool operator const b const rewritten candidate function excluded overload resolution corresponding operator declared scope source18 note trying match argument list const const b online demo bug new visual studio compiler contrary others wrong']","c++,language-lawyer,c++20,c++-concepts,comparison-operators",2023-05-19
['module numpy attribute object'],['getting error running mlflow app raise attributeerrormodule r attribute attributeerror module numpy attribute object someone help'],"python,python-3.x,numpy,kubernetes,dockerfile",2023-01-10
['stop clang overexpanding nested loops via templates'],"['consider code include iostream typedef long xint templateint n struct foz templateint i0 static void fooxint int j0 j10 j fooi1 tj template static void foonxint stdcout int main foz8foo00 compiling clang o0 compiles seconds run 4 seconds', 'however clang o2 compiling takes long time lots memory', 'compiler explorer seen 8 changed smaller value fully expands loop', 'im making fully optimization make recursive like nested loop behave like', 'anything']","c++,clang,compiler-optimization,template-meta-programming,loop-unrolling",2023-01-02
['faster algorithm maxctzx ctzy'],"['minctzx ctzy use ctzx gain better performance', 'maxctzx ctzy', 'ctz represents count trailing zeros', 'c version compiler explorer include algorithm include bit include cstdint int32t test2uint64t x uint64t return stdmaxstdcountrzerox stdcountrzeroy rust version compiler explorer pub fn test2x u64 u64 u32 xtrailingzerosmaxytrailingzeros']","c++,algorithm,rust,bit-manipulation,micro-optimization",2023-06-01
['compilation error upgrading jdk 21 nosuchfielderror jcimport member field jctree qualid'],['upgrading jdk 21 following compilation error spring boot project fatal error compiling javalangnosuchfielderror class comsuntoolsjavactreejctreejcimport member field comsuntoolsjavactreejctree qualid'],"spring-boot,compiler-errors,upgrade,lombok,java-21",2023-09-25
['typeerror webdriverinit got multiple values argument options'],['error typeerror webdriverinit got multiple values argument options code chromeoptions options chromeoptionsaddargumentheadless chromeoptionsaddargumentnosandbox chromeoptionsaddargumentdisabledevshmusage browser webdriverchromerusrbinchromedriver optionschromeoptions error typeerror traceback recent call last ipythoninput59a7e59e392ae cell line 6 4 chromeoptionsaddargumentheadless 5 6 browser webdriverchromerusrbinchromedriver optionschromeoptions typeerror webdriverinit got multiple values argument options'],"python,python-3.x,selenium-webdriver,selenium-chromedriver,webdriver",2023-06-08
['android studio build error compiledebugjavawithjavac task current target 18 kaptgeneratestubsdebugkotlin task current target 17'],"['getting following build error android studio compiledebugjavawithjavac task current target 18 kaptgeneratestubsdebugkotlin task current target 17 jvm target compatibility set java version kaptgeneratestubsdebugkotlin step project build android studio android studio giraffe 202231 canary 3 full stack trace execution failed task appkaptgeneratestubsdebugkotlin', 'compiledebugjavawithjavac task current target 18 kaptgeneratestubsdebugkotlin task current target 17 jvm target compatibility set java version', 'consider using jvm toolchain try run info debug option get log output', 'run scan get full insights', 'exception orggradleapitaskstaskexecutionexception execution failed task appkaptgeneratestubsdebugkotlin', 'orggradleapiinternaltasksexecutionexecuteactionstaskexecuterlambdaexecuteifvalid1executeactionstaskexecuterjava149 orggradleinternaltryfailureifsuccessfulorelsetryjava282 orggradleapiinternaltasksexecutionexecuteactionstaskexecuterexecuteifvalidexecuteactionstaskexecuterjava147 orggradleapiinternaltasksexecutionexecuteactionstaskexecuterexecuteexecuteactionstaskexecuterjava135 orggradleapiinternaltasksexecutionfinalizepropertiestaskexecuterexecutefinalizepropertiestaskexecuterjava46 orggradleapiinternaltasksexecutionresolvetaskexecutionmodeexecuterexecuteresolvetaskexecutionmodeexecuterjava51 orggradleapiinternaltasksexecutionskiptaskwithnoactionsexecuterexecuteskiptaskwithnoactionsexecuterjava57 orggradleapiinternaltasksexecutionskiponlyiftaskexecuterexecuteskiponlyiftaskexecuterjava57 orggradleapiinternaltasksexecutioncatchexceptiontaskexecuterexecutecatchexceptiontaskexecuterjava36 orggradleapiinternaltasksexecutioneventfiringtaskexecuter1executetaskeventfiringtaskexecuterjava77 orggradleapiinternaltasksexecutioneventfiringtaskexecuter1calleventfiringtaskexecuterjava55 orggradleapiinternaltasksexecutioneventfiringtaskexecuter1calleventfiringtaskexecuterjava52 orggradleinternaloperationsdefaultbuildoperationrunnercallablebuildoperationworkerexecutedefaultbuildoperationrunnerjava204 orggradleinternaloperationsdefaultbuildoperationrunnercallablebuildoperationworkerexecutedefaultbuildoperationrunnerjava199 orggradleinternaloperationsdefaultbuildoperationrunner2executedefaultbuildoperationrunnerjava66 orggradleinternaloperationsdefaultbuildoperationrunner2executedefaultbuildoperationrunnerjava59 orggradleinternaloperationsdefaultbuildoperationrunnerexecutedefaultbuildoperationrunnerjava157 orggradleinternaloperationsdefaultbuildoperationrunnerexecutedefaultbuildoperationrunnerjava59 orggradleinternaloperationsdefaultbuildoperationrunnercalldefaultbuildoperationrunnerjava53 orggradleinternaloperationsdefaultbuildoperationexecutorcalldefaultbuildoperationexecutorjava73 orggradleapiinternaltasksexecutioneventfiringtaskexecuterexecuteeventfiringtaskexecuterjava52 orggradleexecutionplanlocaltasknodeexecutorexecutelocaltasknodeexecutorjava42 orggradleexecutiontaskgraphdefaulttaskexecutiongraphinvokenodeexecutorsactionexecutedefaulttaskexecutiongraphjava338 orggradleexecutiontaskgraphdefaulttaskexecutiongraphinvokenodeexecutorsactionexecutedefaulttaskexecutiongraphjava325 orggradleexecutiontaskgraphdefaulttaskexecutiongraphbuildoperationawareexecutionactionexecutedefaulttaskexecutiongraphjava318 orggradleexecutiontaskgraphdefaulttaskexecutiongraphbuildoperationawareexecutionactionexecutedefaulttaskexecutiongraphjava304 orggradleexecutionplandefaultplanexecutorexecutorworkerexecutedefaultplanexecutorjava463 orggradleexecutionplandefaultplanexecutorexecutorworkerrundefaultplanexecutorjava380 orggradleinternalconcurrentexecutorpolicycatchandrecordfailuresonexecuteexecutorpolicyjava64 orggradleinternalconcurrentmanagedexecutorimpl1runmanagedexecutorimpljava49 caused orggradleapigradleexception compiledebugjavawithjavac task current target 18 kaptgeneratestubsdebugkotlin task current target 17 jvm target compatibility set java version', 'consider using jvm toolchain orgjetbrainskotlingradletaskskotlincompilevalidatekotlinandjavahassametargetcompatibilitytaskskt797 orgjetbrainskotlingradletaskskotlincompilecallcompilerasynckotlingradleplugincommontaskskt722 orgjetbrainskotlingradletaskskotlincompilecallcompilerasynckotlingradleplugincommontaskskt530 orgjetbrainskotlingradletasksabstractkotlincompileexecuteimpltaskskt450 orgjetbrainskotlingradletasksabstractkotlincompileexecutetaskskt417 javabasejdkinternalreflectnativemethodaccessorimplinvoke0native method javabasejdkinternalreflectnativemethodaccessorimplinvokenativemethodaccessorimpljava77 javabasejdkinternalreflectdelegatingmethodaccessorimplinvokedelegatingmethodaccessorimpljava43 orggradleinternalreflectjavamethodinvokejavamethodjava125 orggradleapiinternalprojecttaskfactoryincrementaltaskactiondoexecuteincrementaltaskactionjava45 orggradleapiinternalprojecttaskfactorystandardtaskactionexecutestandardtaskactionjava51 orggradleapiinternalprojecttaskfactoryincrementaltaskactionexecuteincrementaltaskactionjava26 orggradleapiinternalprojecttaskfactorystandardtaskactionexecutestandardtaskactionjava29 orggradleapiinternaltasksexecutiontaskexecution3runtaskexecutionjava242 orggradleinternaloperationsdefaultbuildoperationrunner1executedefaultbuildoperationrunnerjava29 orggradleinternaloperationsdefaultbuildoperationrunner1executedefaultbuildoperationrunnerjava26 orggradleinternaloperationsdefaultbuildoperationrunner2executedefaultbuildoperationrunnerjava66 orggradleinternaloperationsdefaultbuildoperationrunner2executedefaultbuildoperationrunnerjava59 orggradleinternaloperationsdefaultbuildoperationrunnerexecutedefaultbuildoperationrunnerjava157 orggradleinternaloperationsdefaultbuildoperationrunnerexecutedefaultbuildoperationrunnerjava59 orggradleinternaloperationsdefaultbuildoperationrunnerrundefaultbuildoperationrunnerjava47 orggradleinternaloperationsdefaultbuildoperationexecutorrundefaultbuildoperationexecutorjava68 orggradleapiinternaltasksexecutiontaskexecutionexecuteactiontaskexecutionjava227 orggradleapiinternaltasksexecutiontaskexecutionexecuteactionstaskexecutionjava210 orggradleapiinternaltasksexecutiontaskexecutionexecutewithpreviousoutputfilestaskexecutionjava193 orggradleapiinternaltasksexecutiontaskexecutionexecutetaskexecutionjava166 orggradleinternalexecutionstepsexecutestepexecuteinternalexecutestepjava93 orggradleinternalexecutionstepsexecutestepaccess000executestepjava44 orggradleinternalexecutionstepsexecutestep1callexecutestepjava57 orggradleinternalexecutionstepsexecutestep1callexecutestepjava54 orggradleinternaloperationsdefaultbuildoperationrunnercallablebuildoperationworkerexecutedefaultbuildoperationrunnerjava204 orggradleinternaloperationsdefaultbuildoperationrunnercallablebuildoperationworkerexecutedefaultbuildoperationrunnerjava199 orggradleinternaloperationsdefaultbuildoperationrunner2executedefaultbuildoperationrunnerjava66 orggradleinternaloperationsdefaultbuildoperationrunner2executedefaultbuildoperationrunnerjava59 orggradleinternaloperationsdefaultbuildoperationrunnerexecutedefaultbuildoperationrunnerjava157 orggradleinternaloperationsdefaultbuildoperationrunnerexecutedefaultbuildoperationrunnerjava59 orggradleinternaloperationsdefaultbuildoperationrunnercalldefaultbuildoperationrunnerjava53 orggradleinternaloperationsdefaultbuildoperationexecutorcalldefaultbuildoperationexecutorjava73 orggradleinternalexecutionstepsexecutestepexecuteexecutestepjava54 orggradleinternalexecutionstepsexecutestepexecuteexecutestepjava44 orggradleinternalexecutionstepsremovepreviousoutputsstepexecuteremovepreviousoutputsstepjava67 orggradleinternalexecutionstepsremovepreviousoutputsstepexecuteremovepreviousoutputsstepjava37 orggradleinternalexecutionstepscancelexecutionstepexecutecancelexecutionstepjava41 orggradleinternalexecutionstepstimeoutstepexecutewithouttimeouttimeoutstepjava74 orggradleinternalexecutionstepstimeoutstepexecutetimeoutstepjava55 orggradleinternalexecutionstepscreateoutputsstepexecutecreateoutputsstepjava50 orggradleinternalexecutionstepscreateoutputsstepexecutecreateoutputsstepjava28 orggradleinternalexecutionstepscapturestateafterexecutionstepexecutedelegatebroadcastingchangescapturestateafterexecutionstepjava100 orggradleinternalexecutionstepscapturestateafterexecutionstepexecutecapturestateafterexecutionstepjava72 orggradleinternalexecutionstepscapturestateafterexecutionstepexecutecapturestateafterexecutionstepjava50 orggradleinternalexecutionstepsresolveinputchangesstepexecuteresolveinputchangesstepjava40 orggradleinternalexecutionstepsresolveinputchangesstepexecuteresolveinputchangesstepjava29 orggradleinternalexecutionstepsbuildcachestepexecutewithoutcachebuildcachestepjava166 orggradleinternalexecutionstepsbuildcachesteplambdaexecute1buildcachestepjava70 orggradleinternaleitherrightfoldeitherjava175 orggradleinternalexecutioncachingcachingstatefoldcachingstatejava59 orggradleinternalexecutionstepsbuildcachestepexecutebuildcachestepjava68 orggradleinternalexecutionstepsbuildcachestepexecutebuildcachestepjava46 orggradleinternalexecutionstepsstoreexecutionstatestepexecutestoreexecutionstatestepjava36 orggradleinternalexecutionstepsstoreexecutionstatestepexecutestoreexecutionstatestepjava25 orggradleinternalexecutionstepsrecordoutputsstepexecuterecordoutputsstepjava36 orggradleinternalexecutionstepsrecordoutputsstepexecuterecordoutputsstepjava22 orggradleinternalexecutionstepsskipuptodatestepexecutebecauseskipuptodatestepjava91 orggradleinternalexecutionstepsskipuptodatesteplambdaexecute2skipuptodatestepjava55 orggradleinternalexecutionstepsskipuptodatestepexecuteskipuptodatestepjava55 orggradleinternalexecutionstepsskipuptodatestepexecuteskipuptodatestepjava37 orggradleinternalexecutionstepsresolvechangesstepexecuteresolvechangesstepjava65 orggradleinternalexecutionstepsresolvechangesstepexecuteresolvechangesstepjava36 orggradleinternalexecutionstepslegacymarksnapshottinginputsfinishedstepexecutemarksnapshottinginputsfinishedstepjava37 orggradleinternalexecutionstepslegacymarksnapshottinginputsfinishedstepexecutemarksnapshottinginputsfinishedstepjava27 orggradleinternalexecutionstepsresolvecachingstatestepexecuteresolvecachingstatestepjava76 orggradleinternalexecutionstepsresolvecachingstatestepexecuteresolvecachingstatestepjava37 orggradleinternalexecutionstepsvalidatestepexecutevalidatestepjava94 orggradleinternalexecutionstepsvalidatestepexecutevalidatestepjava49 orggradleinternalexecutionstepscapturestatebeforeexecutionstepexecutecapturestatebeforeexecutionstepjava71 orggradleinternalexecutionstepscapturestatebeforeexecutionstepexecutecapturestatebeforeexecutionstepjava45 orggradleinternalexecutionstepsskipemptyworkstepexecutewithnonemptysourcesskipemptyworkstepjava177 orggradleinternalexecutionstepsskipemptyworkstepexecuteskipemptyworkstepjava81 orggradleinternalexecutionstepsskipemptyworkstepexecuteskipemptyworkstepjava53 orggradleinternalexecutionstepsremoveuntrackedexecutionstatestepexecuteremoveuntrackedexecutionstatestepjava32 orggradleinternalexecutionstepsremoveuntrackedexecutionstatestepexecuteremoveuntrackedexecutionstatestepjava21 orggradleinternalexecutionstepslegacymarksnapshottinginputsstartedstepexecutemarksnapshottinginputsstartedstepjava38 orggradleinternalexecutionstepsloadpreviousexecutionstatestepexecuteloadpreviousexecutionstatestepjava36 orggradleinternalexecutionstepsloadpreviousexecutionstatestepexecuteloadpreviousexecutionstatestepjava23 orggradleinternalexecutionstepscleanupstaleoutputsstepexecutecleanupstaleoutputsstepjava75 orggradleinternalexecutionstepscleanupstaleoutputsstepexecutecleanupstaleoutputsstepjava41 orggradleinternalexecutionstepsassignworkspacesteplambdaexecute0assignworkspacestepjava32 orggradleapiinternaltasksexecutiontaskexecution4withworkspacetaskexecutionjava287 orggradleinternalexecutionstepsassignworkspacestepexecuteassignworkspacestepjava30 orggradleinternalexecutionstepsassignworkspacestepexecuteassignworkspacestepjava21 orggradleinternalexecutionstepsidentitycachestepexecuteidentitycachestepjava37 orggradleinternalexecutionstepsidentitycachestepexecuteidentitycachestepjava27 orggradleinternalexecutionstepsidentifystepexecuteidentifystepjava42 orggradleinternalexecutionstepsidentifystepexecuteidentifystepjava31 orggradleinternalexecutionimpldefaultexecutionengine1executedefaultexecutionenginejava64 orggradleapiinternaltasksexecutionexecuteactionstaskexecuterexecuteifvalidexecuteactionstaskexecuterjava146 orggradleapiinternaltasksexecutionexecuteactionstaskexecuterexecuteexecuteactionstaskexecuterjava135 orggradleapiinternaltasksexecutionfinalizepropertiestaskexecuterexecutefinalizepropertiestaskexecuterjava46 orggradleapiinternaltasksexecutionresolvetaskexecutionmodeexecuterexecuteresolvetaskexecutionmodeexecuterjava51 orggradleapiinternaltasksexecutionskiptaskwithnoactionsexecuterexecuteskiptaskwithnoactionsexecuterjava57 orggradleapiinternaltasksexecutionskiponlyiftaskexecuterexecuteskiponlyiftaskexecuterjava57 orggradleapiinternaltasksexecutioncatchexceptiontaskexecuterexecutecatchexceptiontaskexecuterjava36 orggradleapiinternaltasksexecutioneventfiringtaskexecuter1executetaskeventfiringtaskexecuterjava77 orggradleapiinternaltasksexecutioneventfiringtaskexecuter1calleventfiringtaskexecuterjava55 orggradleapiinternaltasksexecutioneventfiringtaskexecuter1calleventfiringtaskexecuterjava52 orggradleinternaloperationsdefaultbuildoperationrunnercallablebuildoperationworkerexecutedefaultbuildoperationrunnerjava204 orggradleinternaloperationsdefaultbuildoperationrunnercallablebuildoperationworkerexecutedefaultbuildoperationrunnerjava199 orggradleinternaloperationsdefaultbuildoperationrunner2executedefaultbuildoperationrunnerjava66 orggradleinternaloperationsdefaultbuildoperationrunner2executedefaultbuildoperationrunnerjava59 orggradleinternaloperationsdefaultbuildoperationrunnerexecutedefaultbuildoperationrunnerjava157 orggradleinternaloperationsdefaultbuildoperationrunnerexecutedefaultbuildoperationrunnerjava59 orggradleinternaloperationsdefaultbuildoperationrunnercalldefaultbuildoperationrunnerjava53 orggradleinternaloperationsdefaultbuildoperationexecutorcalldefaultbuildoperationexecutorjava73 orggradleapiinternaltasksexecutioneventfiringtaskexecuterexecuteeventfiringtaskexecuterjava52 orggradleexecutionplanlocaltasknodeexecutorexecutelocaltasknodeexecutorjava42 orggradleexecutiontaskgraphdefaulttaskexecutiongraphinvokenodeexecutorsactionexecutedefaulttaskexecutiongraphjava338 orggradleexecutiontaskgraphdefaulttaskexecutiongraphinvokenodeexecutorsactionexecutedefaulttaskexecutiongraphjava325 orggradleexecutiontaskgraphdefaulttaskexecutiongraphbuildoperationawareexecutionactionexecutedefaulttaskexecutiongraphjava318 orggradleexecutiontaskgraphdefaulttaskexecutiongraphbuildoperationawareexecutionactionexecutedefaulttaskexecutiongraphjava304 orggradleexecutionplandefaultplanexecutorexecutorworkerexecutedefaultplanexecutorjava463 orggradleexecutionplandefaultplanexecutorexecutorworkerrundefaultplanexecutorjava380 orggradleinternalconcurrentexecutorpolicycatchandrecordfailuresonexecuteexecutorpolicyjava64 orggradleinternalconcurrentmanagedexecutorimpl1runmanagedexecutorimpljava49']","android,android-studio,kotlin,gradle,android-gradle-plugin",2023-02-17
['dependency issue installing googlechromestable ubuntu docker'],"['dockerfile attempts install package googlechromestable among packages ubuntu v16 xenial think part gitlab pipeline step', 'issues recently step started failing issue packages could installed', 'may mean requested impossible situation using unstable distribution required packages yet created moved incoming', 'following information may help resolve situation following packages unmet dependencies googlechromestable depends libu2fudev installable e unable correct problems held broken packages', 'seems like libu2fudev recently become depends instead recommends im sure fix', 'part dockerfile question dkrecruseast1amazonawscomubuntuxenial expose 9222 install ubuntu dependencies run aptget update aptget upgrade aptget install yq curl libgconf24 install google chrome stable run curl aptkey add aptget install wget gnupg echo deb archamd64 stable main etcaptsourceslistdgooglechromelist aptget update aptget install noinstallrecommends googlechromestable fontsipafontgothic fontswqyzenhei fontsthaitlwg fontskacst ttffreefont rm fr varlibaptlists aptget purge autoremove curl rm fr srcdeb would think aptget update install would fix', 'help appreciated thanks', 'edit also know ubuntu 16 longer receiving standard support pretty old service im working', 'upgrading v18 higher would help would also good know']","linux,docker,google-chrome,ubuntu,apt",2023-01-26
['manifest v3 background scriptsservice worker firefox'],"['im trying migrate browser extension expect work chrome firefox manifest v2 v3', 'however getting conflicting information background section', 'lots research google stack overflow one seems agree anything', 'also information seems outdated', 'best sources found lots places mention migrated serviceworker example seems firefox still use scripts instead source', 'matter getting errors', 'use service worker background type module tried without option serviceworker backgroundts build command parcel happy seems use parceltransformerwebextension underneath webext fails catastrophically webexterror installtemporaryaddon error error could install addon error backgroundserviceworker currently disabled even provide flag firefoxpreview supposed fix', 'kinda makes sense wellwritten tutorial claims firefox keeping using scripts v3 deprecating persisent flag remove set false', 'fine wasnt using anyway', 'background scripts backgroundts persistent false persistent must either false omited tried fact exactly official firefox docs claim v3 support', 'parcel complains missing property serviceworker ok lets try background type module serviceworker backgroundts scripts backgroundts parcel happy invalid web extension manifest matter try cant get parcel webext happy time', 'seems chrome wants one thing firefox wants another matter try cant even run extension neither browser', 'seems cant v3 extension browsers cannot v3 extension want use parcel webext indispensable afaik', 'particularly concerned according official chrome sources manifest v3 prerequisite featured badge starting v2 removed june', 'already penalized using v3 less 6 months figure none available tooling seems support version yet', 'must missing something notes commands using run parcel webext watch parcel watch srcmanifestjson distdir distribution nocache nohmr start webext run firefoxpreview versions using latest npm parcel 282 webext 740']","google-chrome,firefox,cross-browser,service-worker,browser-extension",2023-01-07
['upgrading gradle 742 gradle 800 gives error release app javalangclasscastexception'],"['recently upgraded android studio flamingo also upgraded gradle 742 800 things working fine version 742 generate signed apk using gradle 800 giving runtime error javalangclasscastexception', 'tried many solutions like adding proguard rules retrofit okio okhttp etc still give error like', 'note downgraded 800 742 working', 'anyone help find problem agp 800 buildgradleapp plugins id comandroidapplication id orgjetbrainskotlinandroid id kotlinkapt id kotlinparcelize id comgoogledaggerhiltandroid id comgooglegmsgoogleservices id comgooglefirebasecrashlytics android compilesdk 33 defaultconfig minsdk 24 targetsdk 33 versioncode 22 versionname 1016 multidexenabled true testinstrumentationrunner androidxtestrunnerandroidjunitrunner vectordrawables usesupportlibrary true def localpropertiesfile rootprojectfilelocalproperties def localproperties new properties localpropertiesloadnew fileinputstreamlocalpropertiesfile buildconfigfield string apikey localpropertiesapikey buildtypes release minifyenabled true shrinkresources true signingconfig signingconfigsrelease proguardfiles getdefaultproguardfileproguardandroidoptimizetxt proguardrulespro compileoptions sourcecompatibility javaversionversion17 targetcompatibility javaversionversion17 kotlinoptions jvmtarget 17 buildfeatures compose true viewbinding true composeoptions kotlincompilerextensionversion 142 packagingoptions resources excludes metainfal20lgpl21 bundle language enablesplit false dependencies implementation androidxcorecorektx1100 implementation androidxappcompatappcompat161 implementation comgoogleandroidmaterialmaterial180 implementation androidxconstraintlayoutconstraintlayout214 implementation androidxmultidexmultidex201 implementation comgoogleaccompanistaccompanistpermissions02411rc implementation comgoogleaccompanistaccompanistwebview02411rc implementation comgoogleaccompanistaccompanistpager02413rc implementation comgoogleaccompanistaccompanistpagerindicators02413rc implementation comgoogleaccompanistaccompanistdrawablepainter0251 implementation comgoogleaccompanistaccompanistflowlayout0310alpha implementation androidxactivityactivitycompose171 implementation platformandroidxcomposecomposebom20221000 implementation androidxcomposeuiui implementation androidxcomposeuiuigraphics implementation androidxcomposeuiuitoolingpreview implementation androidxcomposematerialmaterial implementation androidxcomposematerial3material3 implementation androidxnavigationnavigationcompose253 implementation comgooglefirebaseprotolitewellknowntypes1800 implementation androidxcomposeuiuiviewbinding implementation projectpath pdfviewer testimplementation junitjunit4132 androidtestimplementation androidxtestextjunit115 androidtestimplementation androidxtestespressoespressocore351 androidtestimplementation androidxcomposeuiuitestjunit4 implementation comgoogledaggerhiltandroid245 debugimplementation androidxcomposeuiuitestmanifest kapt comgoogledaggerhiltcompiler245 kapt androidxhilthiltcompiler100 implementation androidxhilthiltnavigationcompose100 implementation androidxactivityactivityktx171 implementation androidxlifecyclelifecycleextensions220 implementation androidxlifecyclelifecyclelivedataktx261 implementation androidxlifecyclelifecycleruntimektx261 implementation androidxlifecyclelifecycleviewmodelktx261 implementation androidxlifecyclelifecycleprocess261 kapt androidxlifecyclelifecyclecompiler261 retrofit2 implementation comsquareupretrofit2retrofit290 implementation comsquareupretrofit2convertergson290 implementation comsquareupokhttp3okhttp490 implementation comsquareupokhttp3logginginterceptor490 implementation comsquareupretrofit2convertermoshi290 implementation orgjetbrainskotlinxkotlinxcoroutinescore164 implementation orgjetbrainskotlinxkotlinxcoroutinesandroid164 implementation androidxroomroomruntime251 kapt androidxroomroomcompiler251 implementation androidxroomroomktx251 implementation androidxcorecoresplashscreen101 def billingversion 520 implementation comandroidbillingclientbillingbillingversion implementation comandroidbillingclientbillingktxbillingversion implementation comgooglefirebasefirebasecrashlyticsbuildtools295 implementation platformcomgooglefirebasefirebasebom3110 implementation comgooglefirebasefirebaseconfigktx implementation comgooglefirebasefirebaseanalyticsktx implementation comgooglefirebasefirebasecrashlyticsktx implementation comgooglefirebasefirebasemessagingktx implementation comgoogleandroidgmsplayservicesads2200 implementation comairbnbandroidlottiecompose400 kapt correcterrortypes true project gradle file buildscript ext composeuiversion 150alpha02 kotlinversion 1810 dependencies add line classpath comgooglegmsgoogleservices4315 classpath comgooglefirebasefirebasecrashlyticsgradle295 classpath orgjetbrainskotlinkotlingradlepluginkotlinversion repositories mavencentral toplevel build file add configuration options common subprojectsmodules', 'plugins id comandroidapplication version 800 apply false id comandroidlibrary version 800 apply false id orgjetbrainskotlinandroid version 1810 apply false id comgoogledaggerhiltandroid version 244 apply false']","java,kotlin,gradle,android-gradle-plugin,gradle-plugin",2023-04-21
['implications constexpr floatingpoint math'],"['since c11 able floating point math compile time', 'c23 c26 added constexpr functions', 'constexpr floating point math weird general results arent perfectly accurate', 'however constexpr code supposed always deliver consistent results', 'c approach issue', 'questions constexpr floating point math work', 'results compilers', 'results compiletime runtime compiler', 'functions constexpr others like stdnearbyint']","c++,floating-point,constexpr,c++23,c++26",2023-07-04
['gcc much worse stdvectorfloat vectorization conditional multiply clang'],"['consider following float loop compiled using o3 mavx2 mfma auto 0 asize ai bi ci', 'bi ci 0 clang done perfect job vectorizing', 'uses 256bit ymm registers understands difference vblendpsvandps best performance possible', 'lbb07 vcmpltps ymm2 ymm1 ymm0 vmulps ymm0 ymm0 ymm1 vandps ymm0 ymm2 ymm0 gcc however much worse', 'reason doesnt get better sse 128bit vectors mprefervectorwidth256 wont change anything', 'l6 vcomiss xmm0 xmm1 vmulss xmm0 xmm0 xmm1 vmovss dword ptr rcxrax4 xmm0 replace plain array guideline gcc vectorize avx ymm', 'int a256 b256 c256 auto foo int int b int c int i0 i256 ai bi ci', 'bi ci 0 however didnt find variablelength stdvector', 'sort hint gcc need vectorize stdvector avx', 'source godbolt gcc 131 clang 1400']","c++,gcc,vectorization,compiler-optimization,avx",2023-07-13
['memory leak program solve given constraints using malloc free objects containing stdstring'],"['minimal working example problem facing real code', 'include iostream namespace test1 static const stdstring msg1something really big message struct person stdstring name int main auto p personmallocsizeofperson p newpperson pnametest1msg1 stdcout name pname stdendl freep stdcout done stdendl return 0 compile run via valgrind gives error definitely lost 31 bytes 1 blocks constraints bound use malloc example real code use c library c project uses malloc internally', 'cant get away malloc usage dont explicitly anywhere code', 'need reassign stdstring name person code']","c++,memory-leaks,valgrind,dynamic-memory-allocation,placement-new",2023-03-01
['crossoriginopenerpolicy policy would block windowclosed call error using google auth'],['using firebase google auth tool everything works fine user data getting saved database get error every time popup window appears crossoriginopenerpolicy policy would block windowclosed call using next js help resolve error thank'],"firebase,next.js,oauth-2.0,firebase-authentication,cors",2023-06-10
['databricks issue creating spark data frame pandas'],"['pandas data frame want convert spark data frame', 'usually use code create spark data frame pandas sudden started get error aware pandas removed iteritems current pandas version 200 also tried install lesser version tried created spark df still get error', 'error invokes inside spark function', 'solution', 'pandas version install order create spark df', 'also tried change runtime cluster databricks tried running still get error', 'import pandas pd sparkcreatedataframepddataframei123j123 error userwarning createdataframe attempted arrow optimization sparksqlexecutionarrowpysparkenabled set true however failed reason dataframe object attribute iteritems attempting nonoptimization sparksqlexecutionarrowpysparkfallbackenabled set true', 'warnmsg attributeerror dataframe object attribute iteritems']","python,pandas,apache-spark,pyspark,databricks",2023-04-04
['getting active admin securityexception android 10 resolve'],"['encountering error prelaunch report google play console testing', 'error message follows javalangsecurityexception active admin componentinfocomgoogleandroidappsmtaasdeviceadmincomgoogleandroidappsmtaasdeviceadmindeviceadminreceiver error occurs specifically android 10 sdk 29', 'full error summary follows exception process comgoogleandroidappsmtaasdeviceadmin pid 4380 javalangsecurityexception active admin componentinfocomgoogleandroidappsmtaasdeviceadmincomgoogleandroidappsmtaasdeviceadmindeviceadminreceiver androidosparcelcreateexception parceljava2088 androidosparcelreadexception parceljava2056 androidosparcelreadexception parceljava2004 androidappadminidevicepolicymanagerstubproxysetnetworkloggingenabled idevicepolicymanagerjava15305 androidappadmindevicepolicymanagersetnetworkloggingenabled devicepolicymanagerjava11627 comgoogleandroidappsmtaasdeviceadminenablenetworkloggingonstart enablenetworkloggingkt27 androidappinstrumentationinstrumentationthreadrun instrumentationjava2209 caused androidosremoteexception remote stack trace comandroidserverdevicepolicydevicepolicymanagerservicegetactiveadminwithpolicyforuidlocked devicepolicymanagerservicejava3259 comandroidserverdevicepolicydevicepolicymanagerservicegetactiveadminorcheckpermissionforcallerlocked devicepolicymanagerservicejava3155 comandroidserverdevicepolicydevicepolicymanagerservicegetactiveadminforcallerlocked devicepolicymanagerservicejava3136 comandroidserverdevicepolicydevicepolicymanagerserviceenforcecanmanagescopeorcheckpermission devicepolicymanagerservicejava7218 comandroidserverdevicepolicydevicepolicymanagerserviceenforcecanmanagescope devicepolicymanagerservicejava7204 need assistance resolving specific error', 'help guidance would greatly appreciated']","java,android,google-developers-console,device-admin,android-securityexception",2023-06-02
['missing file libarcliteiphoneosa xcode 143 update flutter xcode'],"['flutter project im trying run ios version get error update flutter xcode latest version use firebase core plugin error could build precompiled application device', 'error xcode file found applicationsxcodeappcontentsdevelopertoolchainsxcodedefaultxctoolchainusrlibarclibarcliteiphoneosa error xcode linker command failed exit code 1 use v see invocation podfile uncomment line define global platform project platform ios 120 cocoapods analytics sends network stats synchronously affecting flutter build latency', 'envcocoapodsdisablestats true project runner debug debug profile release release release def flutterroot generatedxcodebuildsettingspath fileexpandpathfilejoin flutter generatedxcconfig file unless fileexist', 'generatedxcodebuildsettingspath raise generatedxcodebuildsettingspath must exist', 'youre running pod install manually make sure flutter pub get executed first end fileforeachgeneratedxcodebuildsettingspath line matches linematchflutterroot', 'return matches1strip matches end raise flutterroot found generatedxcodebuildsettingspath', 'try deleting generatedxcconfig run flutter pub get end require fileexpandpathfilejoinpackages fluttertools bin podhelper flutterroot flutteriospodfilesetup target runner useframeworks', 'usemodularheaders', 'flutterinstallalliospods filedirnamefilerealpathfile end postinstall installer installerpodsprojecttargetseach target flutteradditionaliosbuildsettingstarget end end also tried installed pods pod deintegrate rm podfilelock rm rf pods update repositories install pods still get error reninstall xcode', 'flutter packages firebasecore 280 firebasecrashlytics 3017 firebaseanalytics 1016 firebasemessaging 1430 workaround', 'thank time']","ios,flutter,xcode,xcode14,flutter-ios-build",2023-03-31
['failure occurred executing appcheckdebugduplicateclasses'],"['following configuration android studio electric eel 202211 gradlewrapperproperties distributionbasegradleuserhome distributionpathwrapperdists zipstorebasegradleuserhome zipstorepathwrapperdists distributionurlhttpsservicesgradleorgdistributionsgradle75binzip dependenciesgradle extversions minsdklib 23 compilesdk 33 versioncode 6 versionname 106 kotlinversion 1721 hiltandroid 2401 hiltcompiler 2401 buildgradle toplevel build file add configuration options common subprojectsmodules', 'buildscript apply dependenciesgradle repositories google mavencentral gradlepluginportal jcenter dependencies classpath comandroidtoolsbuildgradle740 classpath comgooglegmsgoogleservices4315 classpath comgooglefirebasefirebasecrashlyticsgradle292 classpath orgjetbrainskotlinkotlingradlepluginversionskotlinversion classpath comgoogledaggerhiltandroidgradlepluginversionshiltandroid allprojects repositories google mavencentral maven url jcenter task cleantype delete delete rootprojectbuilddir buildgradle app plugins id comandroidapplication id kotlinandroid id kotlinkapt id kotlinparcelize id comgooglegmsgoogleservices id comgooglefirebasecrashlytics id daggerhiltandroidplugin apply dependenciesgradle android compilesdkversion versionscompilesdk buildtoolsversion 3003 lintoptions checkreleasebuilds false prefer continue check errors release builds continue build even errors found abortonerror false buildfeatures databinding true view binding viewbinding true defaultconfig applicationid manifestplaceholders hostname minsdkversion versionsminsdklib targetsdkversion versionscompilesdk versioncode versionsversioncode versioncode builddatetime versionname versionsversionname setpropertyarchivesbasename multidexenabled true vectordrawablesusesupportlibrary true testinstrumentationrunner androidxtestrunnerandroidjunitrunner buildtypes compileoptions corelibrarydesugaringenabled true sourcecompatibility javaversionversion11 targetcompatibility javaversionversion11 packagingoptions exclude metainfproguardandroidxannotationspro packagingoptions exclude metainfdependencies exclude metainflicense exclude metainflicensetxt exclude metainflicensetxt exclude metainfnotice exclude metainfnoticetxt exclude metainfnoticetxt exclude metainfasl20 dependencies implementation filetreedir libs include jar implementation androidxcorecorektx190 implementation androidxappcompatappcompat151 implementation androidxconstraintlayoutconstraintlayout214 implementation androidxnavigationnavigationfragmentktx253 implementation androidxnavigationnavigationuiktx253 implementation androidxannotationannotation150 implementation androidxlifecyclelifecycleruntimektx251 implementation androidxlifecyclelifecyclecommonjava8251 implementation androidxlifecyclelifecyclelivedataktx251 work implementation androidxworkworkruntime271 implementation comgoogleandroidmaterialmaterial170 added dependencies implementation androidxrecyclerviewrecyclerview121 implementation androidarchlifecycleextensions111 implementation androidxactivityactivityktx161 implementationiocoilktcoil120 marshmallow permission implementation comkarumidexter623 logger small extensible api provides utility top androids normal log class', 'implementation comjakewhartontimbertimber471 implementation comsquareupretrofit2retrofit290 implementation comsquareupokhttp3okhttp4100 implementation comsquareupokhttp3logginginterceptor4100 implementation comsquareupretrofit2convertermoshi290 implementation comsquareupmoshimoshikotlin1130 implementation comsquareupmoshimoshi1130 kapt comsquareupmoshimoshikotlincodegen1130 implementation comsquareupretrofit2convertergson290 dagger hilt implementation androidxhilthiltlifecycleviewmodel100alpha03 implementation comgoogledaggerhiltandroidversionshiltandroid implementation orgchromiumnetcronetembedded763809111 kapt comgoogledaggerhiltandroidcompilerversionshiltcompiler kapt androidxhilthiltcompiler100 paging implementation androidxpagingpagingruntimektx311 kotlin coroutines implementation orgjetbrainskotlinxkotlinxcoroutinescore164 implementation orgjetbrainskotlinxkotlinxcoroutinesandroid164 implementation orgjetbrainskotlinxkotlinxserializationjson110 implementationorgjetbrainskotlinxkotlinxdatetime032 corelibrarydesugaring comandroidtoolsdesugarjdklibs115 ssp text size multiple devices implementation comintuitsspsspandroid106 sdp multiple devices size implementation comintuitsdpsdpandroid106 image picker camera implementation comgithubdhaval2404imagepicker21 biometric implementation androidxbiometricbiometric110 fcm implementation platformcomgooglefirebasefirebasebom3102 implementation comgooglefirebasefirebaseanalyticsktx implementation comgooglefirebasefirebasecrashlyticsktx implementation comgooglefirebasefirebasemessagingktx calendar implementation comapplandeomaterialcalendarview180rc01 horizontal calendar implementation devsmulhamhorizontalcalendarhorizontalcalendar134 stripe sdk implementation comstripestripeandroid20161 testing libs testimplementation junitjunit4132 testimplementation comgoogletruthtruth113 androidtestimplementation comgoogletruthtruth113 androidtestimplementation androidxtestextjunit113 androidtestimplementation androidxtestespressoespressocore340 androidtestimplementation androidxtestcorektx140 debugimplementation androidxfragmentfragmenttesting154 implementation dehdodenhofcircleimageview310 zoom image implementation comjsibboldzoomage131 glide implementation comgithubbumptechglideglide4120 annotationprocessor comgithubbumptechglidecompiler4120 bar implementation comgithubhadiidboukchartprogressbarandroid206 one signal implementation comonesignalonesignal400 49999 color picker implementation comgithubyukukuambilwarna201 implementation comsquareupretrofit2adapterrxjava2261 implementation group comsquareupretrofit2 name adapterrxjava2 version 261 toast implementation comgithubahmmedrejowancutetoastcutetoast12 following errors 1 task failed exception', 'went wrong execution failed task appcheckdebugduplicateclasses', 'failure occurred executing comandroidbuildgradleinternaltaskscheckduplicatesrunnable duplicate class kotlincollectionsjdk8collectionsjdk8kt found modules jetifiedkotlinstdlib180 orgjetbrainskotlinkotlinstdlib180 jetifiedkotlinstdlibjdk81721 orgjetbrainskotlinkotlinstdlibjdk81721 duplicate class kotlininternaljdk7jdk7platformimplementations found modules jetifiedkotlinstdlib180 orgjetbrainskotlinkotlinstdlib180 jetifiedkotlinstdlibjdk71721 orgjetbrainskotlinkotlinstdlibjdk71721 duplicate class kotlininternaljdk7jdk7platformimplementationsreflectsdkversion found modules jetifiedkotlinstdlib180 orgjetbrainskotlinkotlinstdlib180 jetifiedkotlinstdlibjdk71721 orgjetbrainskotlinkotlinstdlibjdk71721 duplicate class kotlininternaljdk8jdk8platformimplementations found modules jetifiedkotlinstdlib180 orgjetbrainskotlinkotlinstdlib180 jetifiedkotlinstdlibjdk81721 orgjetbrainskotlinkotlinstdlibjdk81721 duplicate class kotlininternaljdk8jdk8platformimplementationsreflectsdkversion found modules jetifiedkotlinstdlib180 orgjetbrainskotlinkotlinstdlib180 jetifiedkotlinstdlibjdk81721 orgjetbrainskotlinkotlinstdlibjdk81721 duplicate class kotliniopathdirectoryentriesreader found modules jetifiedkotlinstdlib180 orgjetbrainskotlinkotlinstdlib180 jetifiedkotlinstdlibjdk71721 orgjetbrainskotlinkotlinstdlibjdk71721 duplicate class kotliniopathexperimentalpathapi found modules jetifiedkotlinstdlib180 orgjetbrainskotlinkotlinstdlib180 jetifiedkotlinstdlibjdk71721 orgjetbrainskotlinkotlinstdlibjdk71721 duplicate class kotliniopathfilevisitorbuilder found modules jetifiedkotlinstdlib180 orgjetbrainskotlinkotlinstdlib180 jetifiedkotlinstdlibjdk71721 orgjetbrainskotlinkotlinstdlibjdk71721 duplicate class kotliniopathfilevisitorbuilderimpl found modules jetifiedkotlinstdlib180 orgjetbrainskotlinkotlinstdlib180 jetifiedkotlinstdlibjdk71721 orgjetbrainskotlinkotlinstdlibjdk71721 duplicate class kotliniopathfilevisitorimpl found modules jetifiedkotlinstdlib180 orgjetbrainskotlinkotlinstdlib180 jetifiedkotlinstdlibjdk71721 orgjetbrainskotlinkotlinstdlibjdk71721 duplicate class kotliniopathlinkfollowing found modules jetifiedkotlinstdlib180 orgjetbrainskotlinkotlinstdlib180 jetifiedkotlinstdlibjdk71721 orgjetbrainskotlinkotlinstdlibjdk71721 duplicate class kotliniopathpathnode found modules jetifiedkotlinstdlib180 orgjetbrainskotlinkotlinstdlib180 jetifiedkotlinstdlibjdk71721 orgjetbrainskotlinkotlinstdlibjdk71721 duplicate class kotliniopathpathrelativizer found modules jetifiedkotlinstdlib180 orgjetbrainskotlinkotlinstdlib180 jetifiedkotlinstdlibjdk71721 orgjetbrainskotlinkotlinstdlibjdk71721 duplicate class kotliniopathpathtreewalk found modules jetifiedkotlinstdlib180 orgjetbrainskotlinkotlinstdlib180 jetifiedkotlinstdlibjdk71721 orgjetbrainskotlinkotlinstdlibjdk71721 duplicate class kotliniopathpathtreewalkbfsiterator1 found modules jetifiedkotlinstdlib180 orgjetbrainskotlinkotlinstdlib180 jetifiedkotlinstdlibjdk71721 orgjetbrainskotlinkotlinstdlibjdk71721 duplicate class kotliniopathpathtreewalkdfsiterator1 found modules jetifiedkotlinstdlib180 orgjetbrainskotlinkotlinstdlib180 jetifiedkotlinstdlibjdk71721 orgjetbrainskotlinkotlinstdlibjdk71721 duplicate class kotliniopathpathtreewalkkt found modules jetifiedkotlinstdlib180 orgjetbrainskotlinkotlinstdlib180 jetifiedkotlinstdlibjdk71721 orgjetbrainskotlinkotlinstdlibjdk71721 duplicate class kotliniopathpathwalkoption found modules jetifiedkotlinstdlib180 orgjetbrainskotlinkotlinstdlib180 jetifiedkotlinstdlibjdk71721 orgjetbrainskotlinkotlinstdlibjdk71721 duplicate class kotliniopathpathskt found modules jetifiedkotlinstdlib180 orgjetbrainskotlinkotlinstdlib180 jetifiedkotlinstdlibjdk71721 orgjetbrainskotlinkotlinstdlibjdk71721 duplicate class kotliniopathpathsktpathreadwritekt found modules jetifiedkotlinstdlib180 orgjetbrainskotlinkotlinstdlib180 jetifiedkotlinstdlibjdk71721 orgjetbrainskotlinkotlinstdlibjdk71721 duplicate class kotliniopathpathsktpathutilskt found modules jetifiedkotlinstdlib180 orgjetbrainskotlinkotlinstdlib180 jetifiedkotlinstdlibjdk71721 orgjetbrainskotlinkotlinstdlibjdk71721 duplicate class kotlinjdk7autocloseablekt found modules jetifiedkotlinstdlib180 orgjetbrainskotlinkotlinstdlib180 jetifiedkotlinstdlibjdk71721 orgjetbrainskotlinkotlinstdlibjdk71721 duplicate class kotlinjvmjdk8jvmrepeatablekt found modules jetifiedkotlinstdlib180 orgjetbrainskotlinkotlinstdlib180 jetifiedkotlinstdlibjdk81721 orgjetbrainskotlinkotlinstdlibjdk81721 duplicate class kotlinjvmoptionalsoptionalskt found modules jetifiedkotlinstdlib180 orgjetbrainskotlinkotlinstdlib180 jetifiedkotlinstdlibjdk81721 orgjetbrainskotlinkotlinstdlibjdk81721 duplicate class kotlinrandomjdk8platformthreadlocalrandom found modules jetifiedkotlinstdlib180 orgjetbrainskotlinkotlinstdlib180 jetifiedkotlinstdlibjdk81721 orgjetbrainskotlinkotlinstdlibjdk81721 duplicate class kotlinstreamsjdk8streamskt found modules jetifiedkotlinstdlib180 orgjetbrainskotlinkotlinstdlib180 jetifiedkotlinstdlibjdk81721 orgjetbrainskotlinkotlinstdlibjdk81721 duplicate class kotlinstreamsjdk8streamsktassequenceinlinedsequence1 found modules jetifiedkotlinstdlib180 orgjetbrainskotlinkotlinstdlib180 jetifiedkotlinstdlibjdk81721 orgjetbrainskotlinkotlinstdlibjdk81721 duplicate class kotlinstreamsjdk8streamsktassequenceinlinedsequence2 found modules jetifiedkotlinstdlib180 orgjetbrainskotlinkotlinstdlib180 jetifiedkotlinstdlibjdk81721 orgjetbrainskotlinkotlinstdlibjdk81721 duplicate class kotlinstreamsjdk8streamsktassequenceinlinedsequence3 found modules jetifiedkotlinstdlib180 orgjetbrainskotlinkotlinstdlib180 jetifiedkotlinstdlibjdk81721 orgjetbrainskotlinkotlinstdlibjdk81721 duplicate class kotlinstreamsjdk8streamsktassequenceinlinedsequence4 found modules jetifiedkotlinstdlib180 orgjetbrainskotlinkotlinstdlib180 jetifiedkotlinstdlibjdk81721 orgjetbrainskotlinkotlinstdlibjdk81721 duplicate class kotlintextjdk8regexextensionsjdk8kt found modules jetifiedkotlinstdlib180 orgjetbrainskotlinkotlinstdlib180 jetifiedkotlinstdlibjdk81721 orgjetbrainskotlinkotlinstdlibjdk81721 duplicate class kotlintimejdk8durationconversionsjdk8kt found modules jetifiedkotlinstdlib180 orgjetbrainskotlinkotlinstdlib180 jetifiedkotlinstdlibjdk81721 orgjetbrainskotlinkotlinstdlibjdk81721 caused javalangruntimeexception duplicate class kotlincollectionsjdk8collectionsjdk8kt found modules jetifiedkotlinstdlib180 orgjetbrainskotlinkotlinstdlib180 jetifiedkotlinstdlibjdk81721 orgjetbrainskotlinkotlinstdlibjdk81721 caused javalangruntimeexception duplicate class kotlincollectionsjdk8collectionsjdk8kt found modules jetifiedkotlinstdlib180 orgjetbrainskotlinkotlinstdlib180 jetifiedkotlinstdlibjdk81721 orgjetbrainskotlinkotlinstdlibjdk81721 duplicate class kotlininternaljdk7jdk7platformimplementations found modules jetifiedkotlinstdlib180 orgjetbrainskotlinkotlinstdlib180 jetifiedkotlinstdlibjdk71721 orgjetbrainskotlinkotlinstdlibjdk71721 duplicate class kotlininternaljdk7jdk7platformimplementationsreflectsdkversion found modules jetifiedkotlinstdlib180 orgjetbrainskotlinkotlinstdlib180 jetifiedkotlinstdlibjdk71721 orgjetbrainskotlinkotlinstdlibjdk71721 duplicate class kotlininternaljdk8jdk8platformimplementations found modules jetifiedkotlinstdlib180 orgjetbrainskotlinkotlinstdlib180 jetifiedkotlinstdlibjdk81721 orgjetbrainskotlinkotlinstdlibjdk81721 duplicate class kotlininternaljdk8jdk8platformimplementationsreflectsdkversion found modules jetifiedkotlinstdlib180 orgjetbrainskotlinkotlinstdlib180 jetifiedkotlinstdlibjdk81721 orgjetbrainskotlinkotlinstdlibjdk81721 duplicate class kotliniopathdirectoryentriesreader found modules jetifiedkotlinstdlib180 orgjetbrainskotlinkotlinstdlib180 jetifiedkotlinstdlibjdk71721 orgjetbrainskotlinkotlinstdlibjdk71721 duplicate class kotliniopathexperimentalpathapi found modules jetifiedkotlinstdlib180 orgjetbrainskotlinkotlinstdlib180 jetifiedkotlinstdlibjdk71721 orgjetbrainskotlinkotlinstdlibjdk71721 duplicate class kotliniopathfilevisitorbuilder found modules jetifiedkotlinstdlib180 orgjetbrainskotlinkotlinstdlib180 jetifiedkotlinstdlibjdk71721 orgjetbrainskotlinkotlinstdlibjdk71721 duplicate class kotliniopathfilevisitorbuilderimpl found modules jetifiedkotlinstdlib180 orgjetbrainskotlinkotlinstdlib180 jetifiedkotlinstdlibjdk71721 orgjetbrainskotlinkotlinstdlibjdk71721 duplicate class kotliniopathfilevisitorimpl found modules jetifiedkotlinstdlib180 orgjetbrainskotlinkotlinstdlib180 jetifiedkotlinstdlibjdk71721 orgjetbrainskotlinkotlinstdlibjdk71721 duplicate class kotliniopathlinkfollowing found modules jetifiedkotlinstdlib180 orgjetbrainskotlinkotlinstdlib180 jetifiedkotlinstdlibjdk71721 orgjetbrainskotlinkotlinstdlibjdk71721 duplicate class kotliniopathpathnode found modules jetifiedkotlinstdlib180 orgjetbrainskotlinkotlinstdlib180 jetifiedkotlinstdlibjdk71721 orgjetbrainskotlinkotlinstdlibjdk71721 duplicate class kotliniopathpathrelativizer found modules jetifiedkotlinstdlib180 orgjetbrainskotlinkotlinstdlib180 jetifiedkotlinstdlibjdk71721 orgjetbrainskotlinkotlinstdlibjdk71721 duplicate class kotliniopathpathtreewalk found modules jetifiedkotlinstdlib180 orgjetbrainskotlinkotlinstdlib180 jetifiedkotlinstdlibjdk71721 orgjetbrainskotlinkotlinstdlibjdk71721 duplicate class kotliniopathpathtreewalkbfsiterator1 found modules jetifiedkotlinstdlib180 orgjetbrainskotlinkotlinstdlib180 jetifiedkotlinstdlibjdk71721 orgjetbrainskotlinkotlinstdlibjdk71721 duplicate class kotliniopathpathtreewalkdfsiterator1 found modules jetifiedkotlinstdlib180 orgjetbrainskotlinkotlinstdlib180 jetifiedkotlinstdlibjdk71721 orgjetbrainskotlinkotlinstdlibjdk71721 duplicate class kotliniopathpathtreewalkkt found modules jetifiedkotlinstdlib180 orgjetbrainskotlinkotlinstdlib180 jetifiedkotlinstdlibjdk71721 orgjetbrainskotlinkotlinstdlibjdk71721 duplicate class kotliniopathpathwalkoption found modules jetifiedkotlinstdlib180 orgjetbrainskotlinkotlinstdlib180 jetifiedkotlinstdlibjdk71721 orgjetbrainskotlinkotlinstdlibjdk71721 duplicate class kotliniopathpathskt found modules jetifiedkotlinstdlib180 orgjetbrainskotlinkotlinstdlib180 jetifiedkotlinstdlibjdk71721 orgjetbrainskotlinkotlinstdlibjdk71721 duplicate class kotliniopathpathsktpathreadwritekt found modules jetifiedkotlinstdlib180 orgjetbrainskotlinkotlinstdlib180 jetifiedkotlinstdlibjdk71721 orgjetbrainskotlinkotlinstdlibjdk71721 duplicate class kotliniopathpathsktpathutilskt found modules jetifiedkotlinstdlib180 orgjetbrainskotlinkotlinstdlib180 jetifiedkotlinstdlibjdk71721 orgjetbrainskotlinkotlinstdlibjdk71721 duplicate class kotlinjdk7autocloseablekt found modules jetifiedkotlinstdlib180 orgjetbrainskotlinkotlinstdlib180 jetifiedkotlinstdlibjdk71721 orgjetbrainskotlinkotlinstdlibjdk71721 duplicate class kotlinjvmjdk8jvmrepeatablekt found modules jetifiedkotlinstdlib180 orgjetbrainskotlinkotlinstdlib180 jetifiedkotlinstdlibjdk81721 orgjetbrainskotlinkotlinstdlibjdk81721 duplicate class kotlinjvmoptionalsoptionalskt found modules jetifiedkotlinstdlib180 orgjetbrainskotlinkotlinstdlib180 jetifiedkotlinstdlibjdk81721 orgjetbrainskotlinkotlinstdlibjdk81721 duplicate class kotlinrandomjdk8platformthreadlocalrandom found modules jetifiedkotlinstdlib180 orgjetbrainskotlinkotlinstdlib180 jetifiedkotlinstdlibjdk81721 orgjetbrainskotlinkotlinstdlibjdk81721 duplicate class kotlinstreamsjdk8streamskt found modules jetifiedkotlinstdlib180 orgjetbrainskotlinkotlinstdlib180 jetifiedkotlinstdlibjdk81721 orgjetbrainskotlinkotlinstdlibjdk81721 duplicate class kotlinstreamsjdk8streamsktassequenceinlinedsequence1 found modules jetifiedkotlinstdlib180 orgjetbrainskotlinkotlinstdlib180 jetifiedkotlinstdlibjdk81721 orgjetbrainskotlinkotlinstdlibjdk81721 duplicate class kotlinstreamsjdk8streamsktassequenceinlinedsequence2 found modules jetifiedkotlinstdlib180 orgjetbrainskotlinkotlinstdlib180 jetifiedkotlinstdlibjdk81721 orgjetbrainskotlinkotlinstdlibjdk81721 duplicate class kotlinstreamsjdk8streamsktassequenceinlinedsequence3 found modules jetifiedkotlinstdlib180 orgjetbrainskotlinkotlinstdlib180 jetifiedkotlinstdlibjdk81721 orgjetbrainskotlinkotlinstdlibjdk81721 duplicate class kotlinstreamsjdk8streamsktassequenceinlinedsequence4 found modules jetifiedkotlinstdlib180 orgjetbrainskotlinkotlinstdlib180 jetifiedkotlinstdlibjdk81721 orgjetbrainskotlinkotlinstdlibjdk81721 duplicate class kotlintextjdk8regexextensionsjdk8kt found modules jetifiedkotlinstdlib180 orgjetbrainskotlinkotlinstdlib180 jetifiedkotlinstdlibjdk81721 orgjetbrainskotlinkotlinstdlibjdk81721 duplicate class kotlintimejdk8durationconversionsjdk8kt found modules jetifiedkotlinstdlib180 orgjetbrainskotlinkotlinstdlib180 jetifiedkotlinstdlibjdk81721 orgjetbrainskotlinkotlinstdlibjdk81721 dont understand tries get classes compiled kotlin 180 dont anywhere project used version kotlin', 'tried multiple version gradle', 'updated android studio libraries', 'stuck problem 2 days', 'please help', 'share info project needed', 'many thanks']","android,kotlin,gradle,android-gradle-plugin,build.gradle",2023-01-29
['openai api error 429 exceeded current quota please check plan billing details'],"['im making python script use openai via api', 'however im getting error openaierrorratelimiterror exceeded current quota please check plan billing details script following usrbinenv python38 coding utf8 import openai openaiapikey pai key completion openaichatcompletioncreate modelgpt35turbo messages role user content tell world chatgpt api style pirate', 'printcompletionchoices0messagecontent im declaring shebang python38 im using pyenv', 'think work since 0 api requests im assuming theres error code']","python,prompt,openai-api,completion,chatgpt-api",2023-03-31
['spring security method cannot decide pattern mvc spring boot application exception'],"['try run application fails start throws exception', 'method cannot decide whether patterns spring mvc patterns', 'endpoint spring mvc endpoint please use requestmatchersmvcrequestmatcher otherwise please use requestmatchersantpathrequestmatcher', 'new spring security', 'please help solve error', 'spring security configuration class package comronitspringsecuritytutorialconfiguration import orgspringframeworkcontextannotationbean import orgspringframeworkcontextannotationconfiguration import orgspringframeworksecurityauthenticationauthenticationmanager import orgspringframeworksecurityauthenticationprovidermanager import orgspringframeworksecurityauthenticationdaodaoauthenticationprovider import orgspringframeworksecurityconfigannotationwebbuildershttpsecurity import orgspringframeworksecurityconfigannotationwebconfigurationenablewebsecurity import orgspringframeworksecuritycoreuserdetailsuserdetailsservice import orgspringframeworksecuritycryptobcryptbcryptpasswordencoder import orgspringframeworksecuritycryptopasswordpasswordencoder import orgspringframeworksecuritywebsecurityfilterchain enablewebsecurity configuration public class securityconfiguration bean public passwordencoder passwordencoder return new bcryptpasswordencoder bean authenticationmanager authmanageruserdetailsservice detailsservice daoauthenticationprovider daoprovider new daoauthenticationprovider daoprovidersetuserdetailsservicedetailsservice return new providermanagerdaoprovider suppresswarningsremoval bean public securityfilterchain filterchainhttpsecurity http throws exception return httpcsrfcsrf csrfdisableauthorizehttprequestsauth authanyrequestauthenticated authrequestmatchersauthpermitall authanyrequestauthenticated httpbasicandbuild spring boot application package comronitspringsecuritytutorial import javautilhashset import javautilset import orgspringframeworkbootcommandlinerunner import orgspringframeworkbootspringapplication import orgspringframeworkbootautoconfigurespringbootapplication import orgspringframeworkcontextannotationbean import orgspringframeworksecuritycryptopasswordpasswordencoder import comronitspringsecuritytutorialmodelsapplicationuser import comronitspringsecuritytutorialmodelsrole import comronitspringsecuritytutorialrepositoryrolerepository import comronitspringsecuritytutorialrepositoryuserrepository springbootapplication public class springsecuritytutorialapplication public static void mainstring args springapplicationrunspringsecuritytutorialapplicationclassargs bean commandlinerunner runrolerepository rolerepository userrepository userrepository passwordencoder passwordencoder return args rolerepositoryfindbyauthorityadminispresent return role adminrole rolerepositorysavenew roleadmin rolerepositorysavenew roleuser setrole roles new hashset rolesaddadminrole applicationuser admin new applicationuser1 admin passwordencoderencodepassword roles userrepositorysaveadmin dependencies pomxml dependencies dependency groupidorgspringframeworkbootgroupid artifactidspringbootstarterdatajpaartifactid dependency dependency groupidorgspringframeworkbootgroupid artifactidspringbootstartersecurityartifactid dependency dependency groupidorgspringframeworkbootgroupid artifactidspringbootstarterwebartifactid dependency dependency groupidorgspringframeworkbootgroupid artifactidspringbootdevtoolsartifactid scoperuntimescope optionaltrueoptional dependency dependency groupidcomh2databasegroupid artifactidh2artifactid scoperuntimescope dependency dependency groupidorgspringframeworkbootgroupid artifactidspringbootstartertestartifactid scopetestscope dependency dependencies configuration related security applicationproperties file', 'searched google found stack overflow pages none using similar configuration mine', 'watched online tutorial made', 'followed step correctly configuration working', 'application stopped terminated straight away', 'using spring boot 3 spring security 6 application']","java,spring-boot,eclipse,spring-security,backend",2023-08-01
['error build ios app xcode sandbox rsyncsamba 13105 deny1 filewritecreate flutter failed write file'],"['building ios app xcode got 2 errors tried build ios visual studio code got errors', 'operating system macos 140 beta', 'processor m1 pro could downgrading operating system fix issue']","ios,flutter,xcode,macos,build",2023-06-30
"['angulars canactivate interface deprecated', 'replace']","['angular app includes simple authguard shown never problem', 'recently upgraded angular version 1514 1520 since ide indicates canactivate canactivatechild deprecated', 'official angular documentation canactivate says deprecated use plain javascript functions instead', 'would need adjust code get rid deprecated warning', 'export class authguard implements canactivate canactivatechild constructorprivate authservice authenticationservice canactivateroute activatedroutesnapshot state routerstatesnapshot observableboolean urltree promiseboolean urltree boolean urltree return thisauthservicechecklogin pipe map true catcherror thisrouternavigateroutetofallbackpage return offalse canactivatechildroute activatedroutesnapshot state routerstatesnapshot observableboolean urltree promiseboolean urltree boolean urltree return thiscanactivateroute state']","angular,auth-guard,canactivate,candeactivate,canactivatechild",2023-02-25
['could function defined interface body redefined inherited function without overriding'],"['somebody explain function class behaved different', 'using system public class helloworld public static void mainstring args myupperscript masdfscript new myupperscript iinterface masdfinterface masdfscript masdfscriptfoo masdfinterfacefoo public class myupperscript myscript public void foo consolewritelineupper script public class myscript iinterface public interface iinterface public void foo consolewritelineinterface expecting write upper script foo call note derive second class interface works way expect print upper script deriving interface public class myupperscript myscript iinterface public void foo consolewritelineupper script']","c#,inheritance,interface,overriding,default-interface-member",2023-08-21
['get warning comparing unsigned integers different sizes c c'],"['common source bugs c c code like sizet n unsigned int 0 n infiniteloop unsigned int overflows', 'example linux unsigned int 32bit sizet 64bit n 5000000000 get infinite loop', 'get warning gcc clang', 'gccs wall wextra doesnt include stdinth void fuint64t n uint32t 0 n gcc13 stdc17 wall wextra wpedantic warraybounds wconversion fanalyzer c 76840686o 76840686c output looking solution require n compiletime constant', 'ideally solution would work existing cc projects without rewrite entirely', 'suggesting tools compiler warnings would also useful compiler warnings would better edit upstream compiler feature requests answers indicated warnings exist current compilers', 'started file upstream feature requests gcc add warning flags check integer overflow']","c++,c,gcc,clang,compiler-warnings",2023-08-05
['difference vscode remotessh remotetunnel connections'],"['vscodes remote ssh compare remote tunnels development terms speed code protection', 'glance appears ssh shares workload extension across machines remote tunnel works entirely remoteserver machine remote tunnel connect machines internet', 'impact speed', 'remote ssh always preferable possible']","visual-studio-code,ssh,ssh-tunnel,vscode-remote,remote-tunnel",2023-03-27
['virtual destructor derived class called deleting array pointer base class'],"['animal class virtual destructor derived class cat', 'include iostream struct animal animal stdcout animal constructor stdendl virtual animal stdcout animal destructor stdendl struct cat public animal cat stdcout cat constructor stdendl cat override stdcout cat destructor stdendl int main const animal j new cat1 delete j gives output animal constructor cat constructor animal destructor dont understand cats destructor called base class destructor virtual']","c++,arrays,inheritance,polymorphism,dynamic-memory-allocation",2023-05-15
['differences langchain llamaindex'],"['im currently working developing chatbot powered large language model llm want provide responses based documents', 'understand using finetuned model documents might yield direct responses im exploring concept retrievalaugmented generation rag enhance performance', 'research ive come across two tools langchain llamaindex seem facilitate rag', 'however im struggling understand main differences', 'ive noticed tutorials resources use tools simultaneously im curious one might choose use one makes sense use together', 'could someone please provide insights key distinctions langchain llamaindex rag beneficial use one tool combine chatbot development']","chatbot,openai-api,langchain,large-language-model,llama-index",2023-08-28
['xcode 15 unable boot simulator'],"['able run ios simulator fine xcode 14 mac recently updated latest version xcode 15 im longer able boot device new simulator', 'try many different ways collected many sources avail', 'things already tried none worked remove xcode caches storage either cli ui suggested flutter xcode error unable boot simulator try possible answers follow article reinstall xcode removing related files downgrade xcode v14 btw full log collected run via cli xcrun simctl boot 39c3d624968a49f7a155ac9ac1a81b52 unable boot simulator', 'domain nsposixerrordomain code 60 failure reason launchd failed respond', 'user info dvterrorcreationdatekey 20230926 040649 0000 iderunoperationfailingworker ideinstalliphonesimulatorworker session comapplecoresimulatorsimdeviceac5cb94522574e8caa61abc5ac147d84 failed start launchdsim could bind session launchdsim may crashed quit responding domain comapplesimlaunchhostservicerequesterror code 4 event metadata comappledtiderunoperationworkerfinished devicemodel iphone161 deviceosbuild 170 21a328 deviceplatform comappleplatformiphonesimulator dvtcoredeviceversion 3481 dvtmobiledeviceversion 164324 launchsessionschemecommand run launchsessionstate 1 launchsessiontargetarch arm64 operationdurationms 23640 operationerrorcode 60 operationerrordomain nsposixerrordomain operationerrorworker ideinstalliphonesimulatorworker operationname iderunoperationworkergroup paramdebuggerattachtoextensions 0 paramdebuggerattachtoxpc 1 paramdebuggertype 3 paramdestinationisproxy 0 paramdestinationplatform comappleplatformiphonesimulator paramdiagmainthreadcheckerstoponissue 0 paramdiagmallocstackloggingenableduringattach 0 paramdiagmallocstackloggingenableforxpc 1 paramdiagallowlocationsimulation 1 paramdiagcheckertpcenable 1 paramdiaggpuframecaptureenable 0 paramdiaggpushadervalidationenable 0 paramdiaggpuvalidationenable 0 paramdiagmemorygraphonresourceexception 0 paramdiagqueuedebuggingenable 1 paramdiagruntimeprofilegenerate 0 paramdiagsanitizerasanenable 0 paramdiagsanitizertsanenable 0 paramdiagsanitizertsanstoponissue 0 paramdiagsanitizerubsanstoponissue 0 paramdiagshownonlocalizedstrings 0 paramdiagviewdebuggingenabled 1 paramdiagviewdebugginginsertdylibonlaunch 1 paraminstallstyle 0 paramlauncheruid 2 paramlauncherallowdevicesensorreplaydata 0 paramlauncherkind 0 paramlauncherstyle 0 paramlaunchersubstyle 0 paramrunnableappextensionhostrunmode 0 paramrunnableproducttype comappleproducttypeapplication paramstructuredconsolemode 1 paramtestinglaunchedfortesting 0 paramtestingsuppresssimulatorapp 0 paramtestingusingcli 0 sdkcanonicalname iphonesimulator170 sdkosversion 170 sdkvariant iphonesimulator system information macos version 136 build 22g120 xcode 150 22265 build 15a240d timestamp 20230926t1106490700 appreciate help', 'update 28th sep 2023 upgraded macos latest version v14 name sonomaand tried remove caches still avail update 29th sep 2023 also tried download 3 last ios versions interestingly ios 15 works none 2 others still work', 'update 16th nov 2023 important reopen simulator somehow suddenly works automatically without anything sure updated apple makes working', 'anyway good news guess apple might aware bug released fix silently']","ios,xcode,react-native,expo,ios-simulator",2023-09-26
['bpop0 200 times slower del b0 bytearray'],"['letting compete three times million popsdels time timeit import timeit range3 t1 timeitbpop0 b bytearray1000000 t2 timeitdel b0 b bytearray1000000 printt1 t2 time ratios try online', '2746037053753368 21938099365582403 25208691226683823 pop much slower thing']","python,arrays,performance,cpython,python-internals",2023-02-05
['npdot much faster npsum'],"['npdot much faster npsum', 'following answer know npsum slow faster alternatives', 'example 20 nprandomrand1000 21 b nprandomrand1000 22 timeit npsuma 321 270 ns per loop mean std', 'dev', '7 runs 100000 loops 23 timeit asum 17 115 ns per loop mean std', 'dev', '7 runs 1000000 loops 24 timeit npaddreducea 161 196 ns per loop mean std', 'dev', '7 runs 1000000 loops slower 25 timeit npdotab 118 439 ns per loop mean std', 'dev', '7 runs 1000000 loops given npdot multiplying two arrays elementwise summing faster summing one array', 'b set ones array npdot would simply summing seems fastest option sum 26 npones1000 27 timeit npdotao 116 637 ns per loop mean std', 'dev', '7 runs 1000000 loops cant right', 'ubuntu numpy 1242 using openblas64 python 3106 supported simd extensions numpy install baseline ssesse2sse3 found ssse3sse41popcntsse42avxf16cfma3avx2 update order timings reverses array much longer', '28 nprandomrand1000000 29 npones1000000 30 timeit npdotao 545 887 per loop mean std', 'dev', '7 runs 1000 loops 31 timeit npsuma 429 11 per loop mean std', 'dev', '7 runs 1000 loops 32 timeit asum 404 295 per loop mean std', 'dev', '7 runs 1000 loops 33 timeit npaddreducea 401 421 per loop mean std', 'dev', '7 runs 1000 loops implies fixed sized overhead calling npsuma asum npaddreducea doesnt exist calling npdot part code summation fact faster', 'speed ups using cython numba python etc would great see']","python,numpy,cython,simd,numba",2023-02-24
['settings menu missing ubuntu 2204'],"['trying get back menu settings dissapear ubutu made upgrade 2204 version', 'honestly im new', 'code im getting try rootblastthinkpadt430homeblast aptget install gnomecontrolcenter get could find platform independent libraries prefix consider setting pythonhome prefixexecprefix python path configuration pythonhome set pythonpath set program name usrbinpython3 isolated 0 environment 1 user site 1 import site 1 sysbaseexecutable usrbinpython3 sysbaseprefix usr sysbaseexecprefix usr sysplatlibdir lib sysexecutable usrbinpython3 sysprefix usr sysexecprefix usr syspath usrlibpython310zip usrlibpython310 usrlibpython310libdynload fatal python error initfsencoding failed get python codec file system encoding python runtime state core initialized modulenotfounderror module named encodings current thread 0x00007f4376fc2740 recent call first python frame e subprocess usrbindpkg returned error code 1 thanks advance', 'try get back settings menu logo']","ubuntu,menu,settings,new-operator,ubuntu-22.04",2023-01-02
['curl 35 error0a000152ssl routinesunsafe legacy renegotiation disabled'],"['commands like curl wget give following errorcurl 35 error0a000152ssl routinesunsafe legacy renegotiation disabled', 'using wsl2 ubuntu corporate firewall', 'export trusted root ca cert wsl updated certificates', 'however still facing issue downloading tools like jenkins terraform etc', 'example trying get jenkins', 'curl fssl sudo tee usrsharekeyringsjen kinskeyringasc devnull curl 35 error0a000152ssl routinesunsafe legacy renegotiation disabled corporate vpn', 'without vpn commands work fine however vpn corporate network get errors', 'ssl bypass fw team works', 'sure anything else wrong', 'sudo vim etcsslopensslcnf openssl example configuration file', 'see docman5configpod info', 'mostly used generation certificate requests may used auto loading providers note include files main configuration file using include directive', 'include filename definition stops following lines choking home isnt defined', 'home', 'use order automatically load providers', 'opensslconf opensslinit comment next line ignore configuration errors configdiagnostics 1 extra object identifier info oidfile envhomeoid oidsection newoids use configuration file extfile option openssl x509 utility name section containing x509v3 extensions use extensions alternatively use configuration file x509v3 extensions main default section', 'newoids add new oids use ca req ts', 'etcsslopensslcnf 397l 12419b']","ssl,curl,windows-subsystem-for-linux,vpn,wsl-2",2023-03-17
['cannot import name defaultciphers urllib3utilssl aws lambda using layer'],"['want achieve scrape website using aws lambda save data s3', 'issues im execute lambda following error message appears', 'errormessage unable import module lambdafunction cannot import name defaultciphers urllib3utilssl optpythonurllib3utilsslpy errortype runtimeimportmoduleerror requestid fb66bea9cbad4bd3bd4d6125454e21be stacktrace code minimum lambda code follows', 'import requests import boto3 def lambdahandlerevent context s3 boto3clients3 uploadres s3putobjectbuckethorseracedx keyrawahtml bodytesttext return event layer added lambda', 'files save python folder using commands frozen zip file uploaded aws lambda layer', 'pip install requests python nouser pip install pandas python nouser pip install beautifulsoup4 python nouser bucket horseracedx exists folder raw exists role lambda properly set', 'read write s3 runtime lambda python 39 python version local computer 3913 far google cannot import name defaultciphers urllib3utilssl found suggestions', 'made layer following code tried vain', 'pip install requests python nouser pip install pandas python nouser pip install beautifulsoup4 python nouser pip install urllib312615 python nouser achieve want achieve', 'suggestions would greatly appreciated']","python,amazon-web-services,amazon-s3,aws-lambda,boto3",2023-06-06
['benefit endlessloops without side effects c undefined behavior compared c'],"['c loops undefined behavior whereas c', 'p2809r0', 'trivial infinite loops undefined behavior expressed good reasons', 'simple examples make clear']","c++,c,loops,optimization,undefined-behavior",2023-08-23
['use zero offset fseek function seekcur'],"['freadproduct sizeofproduct 1 file 1 productprice 20 fseekfile sizeofproduct seekcur fwriteproduct sizeofproduct 1 file fseekfile 0 seekcur using code tried double price product binary file record instance product struct', 'ran code updated prices file correctly', 'far know fread automatically moves file pointer next record', 'using first fseek code moves file pointer back beginning record', 'updates using fwrite', 'fwrite automatically moves file pointer next record', 'loop fread continue read next record', 'seems fseekfile 0 seekcur unnecessary', 'however remove code enters infinite loop', 'cannot figure happens', 'tried observe value file pointer using ftell', 'see change value fseekfile 0 seekcur']","c,file,io,language-lawyer,fseek",2023-05-14
['whats difference toolpoetry project tables pyprojecttoml'],"['context im trying create new python package following tutorial tutorial says pyprojecttoml structure project name examplepackageyourusernamehere version 001 authors nameexample author emailauthorexamplecom description small example package created file poetry init created structure toolpoetry name examplepackageyourusernamehere version 001 authors nameexample author emailauthorexamplecom description small example package main difference two project instead toolpoetry section header', 'also see poetry cant anything project toolpoetry section pyprojecttoml questions differences two', 'one time pyprojecttoml', 'case keep contain', 'case toolpoetry need follow rules content subsections project', 'example projecturls would renamed toolpoetryurls', 'best futureproof choice publishing pypi', 'difference', 'changing buildsystem poetrycore setuptools good idea', 'keep poetrycore']","setuptools,pypi,python-packaging,python-poetry,pyproject.toml",2023-02-10
['auto keyword useful compiler writers c'],"['im currently reading expert c programming deep c secrets came across storage class specifier auto never needed', 'mostly meaningful compilerwriter making entry symbol table says storage automatically allocated entering block opposed statically allocated compiletime dynamically allocated heap', 'auto pretty much meaningless programmers since used inside function data declarations function attribute default', 'saw someone asked thing dont answer link given comments explains theres keyword c inherited b differences c11 prec11', 'im posting anyway focus part stating auto keyword somehow useful compiler writing idea connection symbol table', 'really insist fact ask potential usage programming compiler c coding c compiler', 'clarify asked question id like know theres example code auto justified author stated would writing compilers', 'whole point think understood auto inherited b mandatory useless c cant imagine example using useful least useless', 'really seems isnt reason use auto old source code something like corresponding quoted statements']","c,compiler-construction,keyword,auto,automatic-storage",2023-06-21
['definition int 0 b c defined behavior c'],"['definition int 0 b c defined behavior c', 'almost equivalently comma object definition introduce sequence point comma operator expressions', 'similar questions asked c int 0 b undefined behavior', 'comma variable list sequence point', 'c variable declaration initialization order widely accepted answer c yes fully defined per paragraph 83 c11 standard initdeclarator declaration analyzed separately declaration albeit paragraph refers syntax analysis phase quite precise enough regarding sequencing operations runtime', 'situation c language', 'c standard define behavior', 'similar question asked comma declaration multiple objects introduce sequence point like comma operator', 'yet answer seems refer specifically c11 draft may hold recent versions c standard wording informative annex c changed since c11 draft seem fully consistent standard text either', 'edit course initializer seems uselessly contorted', 'definitely condone programming style constructions', 'question arose discussion regarding trivial definition int res 0 res behavior seem fully defined', 'initializers side effects uncommon consider example one int arg1 pop arg2 pop']","c,language-lawyer,undefined-behavior,sequence-points,c17",2023-08-09
['whats significance c function declaration parentheses apparently forever calling'],"['gatomicc glib several function declarations look like gboolean gatomicintcompareandexchangefull gint atomic gint oldval gint newval gint preval return gatomicintcompareandexchangefull atomic oldval newval preval someone explain code exactly', 'im confused several things function name gatomicintcompareandexchangefull parentheses', 'whats significance', 'functions body apparently consists nothing call function run forever result stack overflow pun intended', 'cant make sense function declaration', 'whats really going']","c,function,macros,glib,function-declaration",2023-07-16
['cannot read properties undefined reading gettokens occurred linting applayouttsx16 rule typescripteslintnoemptyfunction'],"['dont understand function returns jsx linted rule typescripteslintnoemptyfunction running next lint script', 'code line 16 layouttsx file follows export default function rootlayout children children reactreactnode return html langen body classnameintervariablechildrenbody html see function empty violate typescripteslintnoemptyfunction rule', 'however following error message occurs cannot read properties undefined reading gettokens occurred linting usersnajaewandesktopflabclothesgptpackagesclothesgptapplayouttsx16 rule typescripteslintnoemptyfunction error command failed exit code 1 info visit documentation command', 'also considered possibility misconfigured eslintrcjs file couldnt figure cause', 'const path requirepath moduleexports root true parseroptions project packagestsconfigjson typescripteslintparser ecmaversion 2018 sourcetype module extends nextcorewebvitals pluginnextnextrecommended eslintrecommended pluginreactrecommended plugintypescripteslintrecommended pluginprettierrecommended prettier plugintypescripteslintrecommendedrequiringtypechecking plugins typescripteslint react reacthooks prettier jest parser typescripteslintparser rules typescripteslintnofloatingpromises error typescripteslintnounusedvars warn args none typescripteslintnoemptyfunction 0 typescripteslintexplicitfunctionreturntype 0 typescripteslintnovarrequires 0 typescripteslintinterfacenameprefix 0 typescripteslintnoemptyinterface error typescripteslintnousebeforedefine 0 typescripteslintnononnullassertion error typescripteslintexplicitmoduleboundarytypes 0 typescripteslintnoexplicitany 0 importnounresolved error reactdisplayname 0 reactselfclosingcomp error reactreactinjsxscope reactjsxfilenameextension error extensions js jsx ts tsx reactnounescapedentities 0 reactproptypes 0 noundef 0 noconstantcondition 1 prettierprettier error bracketspacing true printwidth 80 singlequote true trailingcomma none tabwidth 2 usetabs false bracketsameline false semi true overrides files ts', 'x parser typescripteslintparser extends plugintypescripteslintrecommended plugintypescripteslintrecommendedrequiringtypechecking parseroptions project tsconfigjson packagestsconfigjson ecmafeatures jsx true ecmaversion 2018 sourcetype module files packagesclothesgptts', 'x packagesclothesgptjs', 'x rules nextnextnoimgelement settings importparsers typescripteslintparser ts tsx importresolver typescript project pathresolve dirnamepackagesclothesgpttsconfigjson settings react pragma react version detect env browser true es6 true jest true dont understand next lint linting function returns jsx typescripteslintnoemptyfunction rule', 'reproduce error repository available running next lint rootpackagesclothesgpt directory see error', 'expected behavior running next lint script functions return jsx trigger typescripteslintnoemptyfunction rule', 'current behavior functions return jsx triggering typescripteslintnoemptyfunction rule']","javascript,reactjs,next.js,eslint,typescript-eslint",2023-06-12
['get url pathname server component next js 13'],"['basically server component app dir want get pathname', 'tried using windowlocation work', 'way']","javascript,next.js,path,router,react-server-components",2023-02-06
"['docker unixodbch file directory', 'pecl install sqlsrv error unixodbcdev already installed']","['working days ago', 'building docker container following code error happens trying pecl install sqlsrv', 'trying connect mssql server php container', 'anyone smarter ideas', 'docker file platformlinuxamd64 php80fpm run aptget update aptget install nano aptutils libxml2dev gnupg aptget install zlib1gdev aptget install libzipdev dockerphpextinstall zip run aptget install libicudev gcc g make autoconf libcdev pkgconfig libssldev apttransporthttps libgss3 install ms odbc driver sql server run curl aptkey add curl etcaptsourceslistdmssqlreleaselist aptget update automatically accept terms microsoft run aptget install unixodbc unixodbcdev odbcinst locales run accepteulay aptget install msodbcsql17 run aptget install gcc g make autoconf libcdev pkgconfig run aptget update run pecl install sqlsrv run pecl install pdosqlsrv run dockerphpextenable sqlsrv pdosqlsrv error 0 4116 file included usrincludesqlh19 0 4116 tmppeartempsqlsrvsharedxplath30 0 4116 tmppeartempsqlsrvsharedtypedefsforlinuxh23 0 4116 tmppeartempsqlsrvsharedxplatwinnlsh24 0 4116 tmppeartempsqlsrvsharedformattedprinth24 0 4116 tmppeartempsqlsrvsharedcoresqlsrvh41 0 4116 tmppeartempsqlsrvphpsqlsrvinth25 0 4116 tmppeartempsqlsrvconncpp24 0 4116 usrincludesqltypesh5610 fatal error unixodbch file directory 0 4116 56 include unixodbch 0 4116 0 4116 compilation terminated', '0 4118 make makefile209 connlo error 1 0 4119 error make failed tried every version php 70 81 without fpm', 'also tried several versions msodbcsql unixodbcunixodbcdev several versions sqlsrv pdosqlsrv']","php,sql-server,docker,sqlsrv,fpm",2023-02-11
['babelpresetreactapp importing babelpluginproposalprivatepropertyinobject package without declaring dependencies'],"['issue ive tried create new react project lot issues vulnerabilities managed solve one main instructions adding line overrides svgrwebpack svgrwebpack packagejson file', 'ive done delete nodemodules folder folder reuse npm install getting babel error typing npm start', 'one dependencies babelpresetreactapp importing babelpluginproposalprivatepropertyinobject package without declaring dependencies', 'currently working babelpluginproposalprivatepropertyinobject already nodemodules folder unrelated reasons may break time', 'babelpresetreactapp part createreactapp project maintained anymore', 'thus unlikely bug ever fixed', 'add babelpluginproposalprivatepropertyinobject devdependencies work around error', 'make message go away', 'tried search solution internet found one tells add plugin devdependencies work also found solution tells type ci npm run build didnt work either', 'im encountering typing npm list babelpluginproposalprivatepropertyinobject npm err', 'code elsproblems npm err', 'invalid babelpluginproposalprivatepropertyinobject7210placeholderforpresetenv2 cusersomripcdesktopkeeperappnodemodulesbabelpluginproposalprivatepropertyinobject keeperapppart1starting100 cusersomripcdesktopkeeperapp babelpluginproposalprivatepropertyinobject7210placeholderforpresetenv2 invalid xxx root project svgrwebpack801 overridden babelpresetenv7225 babelpluginproposalprivatepropertyinobject7210placeholderforpresetenv2 deduped invalid xxx root project thats packagejson file looks like somehow helps figure name keeperapppart1starting version 100 description keywords main srcindexjs dependencies react 1820 reactdom 1820 devdependencies svgrwebpack 801 reactscripts 501 typescript 513 overrides svgrwebpack svgrwebpack scripts start reactscripts start build reactscripts build test reactscripts test envjsdom eject reactscripts eject browserslist 02 dead ie 11 opmini']","javascript,node.js,reactjs,babeljs,ejs",2023-06-08
['update server component data changed client component nextjs'],"['still trying wrap head around scenario', 'anyone please suggest correct way nextjs 13', 'diplay list users server component example like using mongodb userslistjsx const userslist const users await userscollectiongetusers return div usersmapuser divuserdiv div page also defined client component adding users userseditjsx use client const usersedit const handleadd calls post apiusers return render input button displayed together like server component page pagejsx const users return div userslist usersedit div reload notify userslist new user added collection force display new userupdated user']","javascript,node.js,reactjs,mongodb,next.js",2023-01-15
"['x x090 gives lossy conversion error', 'x090', '']","['written code int x 18 x 090 systemoutprintlnx code printed 16 however wrote int x 18 x x 090 systemoutprintlnx gave following error incompatible types possible lossy conversion double int expected code examples result exact error x x x x 090 somehow works x x 090', 'case']","java,integer,double,multiplication,assignment-operator",2023-12-08
['optimization forbidden c compiler cannot prove lack ub'],"['c program undefined behavior anything happen', 'therefore compilers may assume given program contain ub', 'suppose program contains following x 5 something else without x meantime', 'x 7 course optimized something without x', 'x 12 similarly way', 'x type unsigned int possibility ub program', 'hand x type signed int chance overflow hence ub', 'since compiler may assume program contains ub optimization', 'fact case compiler even assume x 12 maxint', 'however seems contradict jens gustedts famous modern c pg 42 optimization also forbidden compiler cant prove certain operation force program termination', 'example much depends type x current value x could close upper limit type innocentlooking operation x 7 may produce overflow', 'overflows handled differently according type', 'seen overflow unsigned type problem result condensed operation always consistent two separate ones', 'types signed integer types signed floatingpoint types double overflow may raise exception terminate program', 'case optimization cannot performed', 'emphasis mine', 'compiler assume program ub optimization performed', '1 jens gustedt', 'modern c manning 2019 9781617295812 hal02383654']","c,optimization,compiler-optimization,undefined-behavior,integer-overflow",2023-09-18
